{
    "acc": [
        0.6349999904632568,
        0.8299999833106995,
        0.9725000262260437,
        1.0,
        0.9975000023841858
    ],
    "epoch": [
        0,
        1,
        2,
        3,
        4
    ],
    "loss": [
        0.986922619342804,
        0.35542565226554873,
        0.10355990679934621,
        0.028099989518523216,
        0.021417384725064038
    ],
    "lr": [
        0.0010000000474974513,
        0.0010000000474974513,
        0.0010000000474974513,
        0.00010000000474974513,
        1.0000000656873453e-05
    ],
    "timestamp": "2020-05-24_172532",
    "training time (s)": 234.66,
    "val_acc": [
        0.6299999952316284,
        0.8075000047683716,
        0.8550000190734863,
        0.8949999809265137,
        0.8949999809265137
    ],
    "val_loss": [
        0.8028172135353089,
        0.4457293647527695,
        0.30840631484985354,
        0.23957124151289463,
        0.2101645551621914
    ]
}